{
  "Q3.3.1" : {
    "MaeForK=100" : 0.7562595282330156,
    "MaeForK=200" : 0.748457048681886
  },
  "Q3.3.2" : {
    "DurationInMicrosecForComputingKNN" : {
      "min" : 243440.625,
      "max" : 289561.667,
      "average" : 262730.9918,
      "stddev" : 15716.207275243578
    }
  },
  "Q3.3.3" : {
    "DurationInMicrosecForComputingPredictions" : {
      "min" : 1826007.167,
      "max" : 1862983.083,
      "average" : 1837848.7584,
      "stddev" : 13177.588667891387
    }
  }
}